{
    "version": 1,
    "author": "Uri Shaked",
    "editor": "wokwi",
    "parts": [
      { "type": "wokwi-esp32-devkit-v1", "id": "esp", "top": 14.3, "left": -33.8, "attrs": {} },
      { "type": "wokwi-hc-sr04", "id": "ultrasonic1", "top": -8.1, "left": 111.1, "attrs": {} }
    ],
    "connections": [
      [ "esp:TX0", "$serialMonitor:RX", "", [] ],
      [ "esp:RX0", "$serialMonitor:TX", "", [] ],
      [ "ultrasonic1:VCC", "esp:VIN", "red", [ "v134.4", "h-249.6", "v-67.2" ] ],
      [ "ultrasonic1:TRIG", "esp:D5", "green", [ "v28.8", "h-115.6", "v-28.8" ] ],
      [ "ultrasonic1:ECHO", "esp:D18", "green", [ "v0" ] ],
      [ "ultrasonic1:GND", "esp:GND.1", "black", [ "v0" ] ]
    ],
    "dependencies": {}
  }