{
    "version": 1,
    "author": "Avril",
    "editor": "wokwi",
    "parts": [
      { "type": "board-esp32-devkit-c-v4", "id": "esp", "top": -48, "left": 139.24, "attrs": {} },
      { "type": "wokwi-dht22", "id": "dht1", "top": -57.3, "left": -72.6, "attrs": {} }
    ],
    "connections": [
      [ "esp:TX", "$serialMonitor:RX", "", [] ],
      [ "esp:RX", "$serialMonitor:TX", "", [] ],
      [ "dht1:GND", "esp:GND.1", "black", [ "v0" ] ],
      [ "dht1:SDA", "esp:27", "green", [ "v0" ] ],
      [ "dht1:VCC", "esp:3V3", "red", [ "v38.4", "h163.2", "v-115.2" ] ]
    ],
    "dependencies": {}
  }