{
    "version": 1,
    "author": "Anonymous maker",
    "editor": "wokwi",
    "parts": [
      { "type": "board-esp32-devkit-c-v4", "id": "esp", "top": -9.6, "left": 129.64, "attrs": {} },
      { "type": "wokwi-led", "id": "led1", "top": -90, "left": -73, "attrs": { "color": "yellow" } },
      {
        "type": "wokwi-led",
        "id": "led2",
        "top": -99.6,
        "left": 13.4,
        "attrs": { "color": "green" }
      },
      { "type": "wokwi-led", "id": "led3", "top": -90, "left": -178.6, "attrs": { "color": "red" } }
    ],
    "connections": [
      [ "esp:TX", "$serialMonitor:RX", "", [] ],
      [ "esp:RX", "$serialMonitor:TX", "", [] ],
      [ "led1:A", "esp:33", "green", [ "v0" ] ],
      [ "led1:C", "esp:GND.1", "green", [ "v192", "h192.4" ] ],
      [ "led2:A", "esp:25", "green", [ "v0" ] ],
      [ "led2:C", "esp:GND.1", "green", [ "v192", "h269.2" ] ],
      [ "led3:A", "esp:32", "green", [ "v0" ] ],
      [ "led3:C", "esp:GND.1", "green", [ "v192", "h115.6" ] ]
    ],
    "dependencies": {}
  }