{
    "version": 1,
    "author": "Avrilla",
    "editor": "wokwi",
    "parts": [
      { "type": "board-esp32-devkit-c-v4", "id": "esp", "top": 38.4, "left": -81.56, "attrs": {} },
      { "type": "wokwi-relay-module", "id": "relay1", "top": -47.8, "left": 163.2, "attrs": {} },
      {
        "type": "wokwi-pushbutton",
        "id": "btn1",
        "top": 121.4,
        "left": 182.4,
        "attrs": { "color": "green", "xray": "1" }
      },
      { "type": "wokwi-led", "id": "led1", "top": 198, "left": 99.8, "attrs": { "color": "red" } }
    ],
    "connections": [
      [ "esp:TX", "$serialMonitor:RX", "", [] ],
      [ "esp:RX", "$serialMonitor:TX", "", [] ],
      [ "relay1:VCC", "esp:3V3", "red", [ "h0" ] ],
      [ "relay1:GND", "esp:GND.2", "black", [ "h0" ] ],
      [ "relay1:IN", "esp:23", "green", [ "h-86.4", "v86.2" ] ],
      [ "btn1:1.l", "esp:19", "green", [ "v0", "h-163.2" ] ],
      [ "btn1:2.l", "esp:GND.2", "green", [ "v-86.2", "h-163.2" ] ],
      [ "led1:C", "esp:GND.2", "green", [ "h-9.2", "v-172.8" ] ],
      [ "led1:A", "esp:18", "green", [ "h9.6", "v-96" ] ]
    ],
    "dependencies": {}
  }